epoch,train_loss,val_dice
1,0.3235294749914122,0.858927629117308
2,0.235554480109333,0.8941120803356171
