model,dice,iou,precision,recall,hausdorff_95
MicroSegNet,0.9291254754823971,0.878701701668842,109.86042815787137,108.61431,14.814318454727479
MicroSegNetAttention,0.9302943134994247,0.8822966606477342,107.70236737322234,107.57036,15.226459244536791
UNet,0.9107353905694229,0.8583996575466383,107.36633513583661,110.19571,25.885137184084055
TransUNet,0.7022264170195447,0.5754794989855426,116.01890618349299,155.59885,65.12180298898075
