epoch,train_loss,val_dice
1,0.46776799352701043,1096.7332593545145
2,0.45616605803986227,1096.7332593545145
