epoch,train_loss,val_dice
1,0.30856788256936823,0.8652597203336913
2,0.2215714863509186,0.8804846906113899
